"id","name","region_id","group_id","Accessibility_Index","Affordability_Index_no_nav","Affordability_Index_nav","Mobility_Index","Safety_Index","IMPT_score_pca_geom_nav","IMPT_score_pca_geom_no_nav","IMPT_score_pca_avg_no_nav","IMPT_score_pca_avg_nav","IMPT_entropy_pca_nav","IMPT_entropy_pca_no_nav","Accessibility_Index_bike","Mobility_Index_bike","Safety_Index_bike","IMPT_score_pca_geom_bike","IMPT_score_pca_avg_bike","Accessibility_Index_walk","Mobility_Index_walk","Safety_Index_walk","IMPT_score_pca_geom_walk","IMPT_score_pca_avg_walk","Accessibility_Index_pt","Affordability_Index_pt_no_nav","Affordability_Index_pt_nav","Mobility_Index_pt","IMPT_score_pca_geom_pt_no_nav","IMPT_score_pca_geom_pt_nav","IMPT_score_pca_avg_pt_no_nav","IMPT_score_pca_avg_pt_nav","Accessibility_Index_car","Affordability_Index_car","Mobility_Index_car","Safety_Index_car","IMPT_score_pca_geom_car","IMPT_score_pca_avg_car"
"110501","Alcabideche","PT1B","1105",56.1287067803663,50.8411117998211,51.7553529458782,44.9515705469841,31.2326031731033,55.0347986667602,55.2352483183646,54.2115019249313,53.982941638417,54.5415961269293,54.5620619862347,57.5097267074309,30.1953476323289,43.5214285714286,57.6859297256852,67.1933742722029,45.7763173086925,22.7753457979018,32.2274258760108,67.6919003229486,66.4069703391316,48.5016412548421,32.754677372845,28.2850539921216,55.1717546160374,55.5545386525225,57.656111299506,54.5239755854251,56.0138500456663,71.973354398267,56.6412409503724,44.2851796251552,22.3327430690056,55.0849690461157,51.1918704893
"110506","São Domingos de Rana","PT1B","1105",61.6471243406915,58.0509771666296,58.9903857358455,47.4505926915018,31.3794090410793,51.7237441114163,51.9177955245077,50.3679741900245,50.1331220477205,51.3688299297334,51.3105308019719,64.924523166167,20.8943640156235,35.8429401993356,63.3950913876278,69.5845431547185,49.7711735675116,30.989146780841,22.6750039638497,67.2477051381856,65.5215585625992,52.2725268506256,37.1057686887368,31.9390215580491,59.1121124312428,51.3995818304496,53.7510682710383,50.5031973431316,52.2254463866941,77.2024533101796,63.8536339685364,50.1913406847417,18.6786226685796,53.4570118909642,47.5184873419907
"110507","União das freguesias de Carcavelos e Parede","PT1B","1105",69.0808213114507,49.2568736179467,50.4971677431584,47.1169268246142,37.1505145367955,50.2664558804944,50.5747298988859,49.3487159272982,49.0386423959953,49.6415992637628,49.8610549228961,69.7948633666762,25.3077562029963,30.1332417582417,62.2947419874198,68.6910346680214,58.4570061035835,30.1031133304198,23.7112647905341,65.2479766980685,62.5762052584875,61.0928449835753,33.7908473319957,28.3074417257968,57.9476286523766,50.6896157077112,53.4852331397357,49.0562263440175,50.8840282127504,83.0736044033448,55.3805537094982,59.9029207777646,28.3334123062344,47.055468232863,43.3273772007895
"110508","União das freguesias de Cascais e Estoril","PT1B","1105",61.9878572259752,42.5121944492639,43.4664743499313,53.680067107475,1,77.4745932315009,77.6018395971805,60.2049703043215,59.9664003291546,72.0524449835548,71.9027496086059,61.967140026539,78.6288042262018,7.22241282339708,66.4542616045866,63.0454107309655,52.087634775319,29.7923834074406,7.19896627860297,77.2462638857632,70.3070051795458,54.5120606702648,27.5350907805439,23.0287690273921,52.5505536184401,57.0616722338529,59.5083270809753,55.1340983102504,56.636205561301,77.1176704589953,47.7465475476772,33.8405737271739,2.68405627198125,74.5591035808641,59.6527879985431
"110601","Ajuda","PT1B","1106",71.1521482966319,48.5762049119543,51.4973632200994,58.5221289161388,63.7640463929303,39.1841568678262,40.0626247414632,39.4963678705862,38.7660782935499,38.6151389412358,39.4710534473285,72.7901990002467,10.8727324307879,52.7321428571429,64.892742132259,65.9012314279556,61.379214851181,34.4684157036354,42.2028301886792,55.2773601046343,53.9831797521681,64.5964154427205,35.5523644602173,27.4704931410157,77.0957235087015,43.7896929544898,48.3618298737974,40.9184988627869,43.6124559691874,81.3738409323068,60.5228342162591,81.1607894900992,44.3258182650492,35.0888366728704,33.1541792740714
"110602","Alcântara","PT1B","1106",71.4863847400782,52.0778736285429,52.992330385284,62.8785440036676,39.5264160330537,44.5816436113304,44.8220624791849,43.5076953986644,43.2790812094791,42.1299647549582,42.4152227803449,74.4593227699612,33.4570662862873,41.7071428571428,52.9348199944,62.5941170216522,59.6631915221101,47.6632676683562,29.5193396226415,56.1701569572141,54.3847337289641,66.1263960868431,31.3016618406198,28.924074273093,76.6335216749862,45.7851586919323,47.174536178993,41.9794734658503,42.7720026550259,81.2812817428741,66.5489982256991,45.5210414655967,20.445498428379,52.4737888591981,46.5507950343628
"110607","Beato","PT1B","1106",75.5547782608495,36.9693665791847,42.237787235849,67.3805805991808,64.919902621691,38.8492639960678,40.8357165004182,38.7938429847735,37.4767378206074,36.0055308403383,38.0328253177092,76.7249574768835,49.1588354781184,48.7142857142857,43.1287254432196,56.3504803326781,58.7241241543132,35.3812344201902,44.9362264150943,54.6132251021612,53.6528050034674,68.2529884088437,27.4852008508485,16.2729209917937,74.8821591474946,47.9035080815709,56.0584553583506,43.1265505309377,46.8639771506227,93.8007530425652,55.3139433498267,85.3044050056539,47.5431604594501,32.2302913465672,29.509434535626
"110608","Benfica","PT1B","1106",80.6978565319868,67.4480281153125,69.126255993907,78.7634177912997,26.6572176967502,41.3753435767614,41.7353175609884,36.6083699661627,36.1888129965141,36.9422264421573,37.0963689354251,82.8400389015161,77.0547975032569,44.119930875576,34.410385699255,48.9963081799127,65.5717105640749,34.6581287222507,20.8457656867047,63.7089013380267,59.6414650089899,77.5800007873066,46.0493680658729,41.406270935095,84.6717581923895,32.8339962022891,35.1544245562841,30.5662909848104,32.113990028403,90.937179170678,82.1886453871338,83.2278440506352,10.2594876660342,49.1041792067983,33.3467109313797
"110610","Campolide","PT1B","1106",82.5393025072489,59.2864521225296,60.6677464508794,80.155596433104,49.776015751288,33.1216144643814,33.5049511109453,32.0606582964574,31.7153347143699,29.5329987264723,30.040767196947,82.7785742145449,72.4595472462268,50.5958791208791,32.7768015304309,48.5414998545873,66.1047651800524,47.5543514840302,40.3733593109106,49.7255786503023,48.655841341669,80.1394767913651,37.399900861872,33.8545787524407,81.1567320164237,37.5056394239317,39.5231322102311,33.7679634434464,34.9497374799235,95.1692871743246,75.5195627842884,92.103012830688,29.0533277744087,33.6377949559264,27.0387023590726
"110611","Carnide","PT1B","1106",79.8151628901408,86.392378030714,87.8877291422159,79.5669527823289,52.6350258529985,26.3576981268939,26.6736235759493,25.3976201109544,25.023782333079,25.2890035060475,25.2623691572985,80.5262376671288,78.9450655332675,45.7571428571429,33.7055869362599,48.6928884856152,64.9461163289467,44.0078594984604,38.5589622641509,52.03254969252,50.8290206361473,78.5876829003064,60.7562424207796,55.9113048195134,81.1075737631433,27.1013256436845,29.0867017747732,26.5161669719236,28.1311461723457,89.9546239598993,100,89.5999172851017,35.9117647058824,26.5508589302077,21.1334235122792
"110618","Lumiar","PT1B","1106",77.4413457597547,83.4426656795803,84.2641487484845,77.5216838277519,26.0664902936714,39.5978948154945,39.7463278388481,33.8819536098104,33.6765828425844,36.2707345863604,36.0069865903445,77.1745339329508,81.5421506015912,38.9824750830565,37.3394697023877,50.5752100956004,61.29365893538,39.6790658298933,23.8381712626996,61.2218290643916,58.3963679906757,75.366636822643,55.6149796042289,52.5790639148005,80.4826303255035,30.3736623075391,31.6593446164323,29.5119177492082,30.5238896456843,91.2922699024786,94.8920663342567,79.4930996146001,12.0418395721925,45.7908097485202,30.570181144118
"110621","Marvila","PT1B","1106",71.812530947918,54.2843359453613,59.8092044632181,78.3773427238018,44.3427772915604,37.817758280141,39.3045374519696,37.7957532728396,36.4145361433754,34.290025998841,35.5388751442897,69.8572147067137,87.1944341101032,45.6607142857143,34.6879868859868,49.3219092243672,57.2483117452216,38.9043849894766,36.0950653120464,56.8219338224856,55.9174126510851,67.9323358367329,45.6554044944725,34.1913023199195,79.8109809068469,37.183676946815,42.908903930353,35.5337595873159,39.3551269788335,88.9025234132026,72.9755300155396,81.0224504937248,30.9452592357698,36.3899940501232,31.5385592104408
"110633","Olivais","PT1B","1106",71.5528652578725,64.6590287033466,66.8260208039508,78.108563564312,28.0664105795159,43.0015412975541,43.4704494363473,39.4032829737382,38.8615349485872,38.8483105542111,39.092905980836,71.2011381968537,78.3350344520167,34.3395896656535,42.2839470143924,54.031059421369,57.4813389797414,44.9599757951069,20.3225098727512,62.4451982460163,59.0787251174668,64.7751008893788,45.0958018754918,39.2449232038606,79.2069714310515,38.5817380155426,41.3429764721581,36.9740419346926,38.9243348252364,89.2944677662626,79.6085025265737,82.3184065222038,17.9907339927121,42.7452724551358,32.6969722980619
"110639","São Domingos de Benfica","PT1B","1106",83.4248825796298,74.0872423755482,74.8020597504417,79.0354075931509,35.8559957862524,35.0848195022413,35.2407679636398,31.8991179163547,31.7204135726313,31.7453115611649,31.7306446827857,80.8454552887052,73.8888128982351,43.7869047619048,36.0088550218319,50.3697067627887,68.7596198649691,46.4162501287944,28.8598454435969,54.7754219658305,51.9880948542132,81.7509814235998,47.0601265253025,44.6869328406561,80.4843587993364,32.3125429064805,33.4622684453783,30.2348444172538,31.0259089788026,96.5743361863335,86.7597895888638,87.5230613679838,20.8243100083635,37.2240360782926,27.0796257121138
"110654","Alvalade","PT1B","1106",84.3885316661366,69.4565919511909,70.0698833750885,85.9549909785209,20.7038034757671,42.8260065419761,42.9519165901276,34.8740204820961,34.7206976261217,36.9487783376573,36.907627423281,81.6419911293506,82.7828286996646,25.496992481203,44.1778767312795,52.5195469224454,69.5749030755838,54.1493465044474,12.3620926243568,63.6731180743267,54.6378859318707,83.1121242703095,42.2951533213622,40.134031160961,86.7148429385241,32.6418462698653,33.7987030634878,29.2926264899347,30.0130005434018,97.251746905218,81.0749650944895,87.4567199001752,13.3648648648649,44.4222280445727,30.2129258088131
"110655","Areeiro","PT1B","1106",88.3657740702934,64.9222731210542,65.3771793817184,82.3388908162052,53.013514194023,29.1155355902744,29.2390157976472,27.8398869496061,27.72616038444,25.7410552214687,26.0311809760193,87.6148892757397,58.2863192035363,38.1340733590734,41.9791562256402,53.9911795404127,74.2226885016227,59.6090256689202,32.8434707050645,47.3643333807059,44.4416050414642,87.9738048201758,41.27112999047,39.9064112084774,87.2448885470664,31.7640174533229,32.5172748740542,27.8367255474293,28.2916318080935,96.8866894600897,77.4302040773426,91.862409880751,38.9186735096723,27.9608417807495,23.7255057680361
"110656","Arroios","PT1B","1106",100,31.566606992594,31.7753878878186,98.293364560189,26.870398918901,45.9847416817125,46.0725642503602,35.817407382079,35.7652121582729,35.6985956944793,36.710734789876,100,61.0075524622508,12.5884178905207,57.0142887206314,56.6010074118071,93.1660646879384,89.2271301886127,4.37290489416722,65.2606288886937,37.7446334097605,100,12.2572787990101,11.8460437023555,100,49.6706561833693,50.2069785807528,29.2475737336633,29.3846520992148,98.0575175860734,51.9034378856524,100,23.26859045505,41.133438388581,31.6926135183061
"110657","Avenidas Novas","PT1B","1106",94.9024113165328,72.4048872865786,72.4758258789242,100,13.3990213565051,44.4207627721196,44.4344240864398,29.8234200100959,29.8056853620095,36.0575715974315,35.9000906927025,92.9304357600684,99.2165110527011,0.821428571428569,75.2138846948933,51.7579061539505,83.0950504766295,70.4757374544484,0.626760563380287,79.6162317682709,48.600817168514,95.6803703004871,42.5181259902118,42.2567732815701,96.1594314066731,26.7839530544497,26.9328222432368,21.8806907675426,21.9678083370899,100,83.6365376021699,92.3600737333966,11.6983813659692,44.5781653882722,28.0762518246161
"110658","Belém","PT1B","1106",74.9348483112983,81.0043477618221,81.5241939123763,65.5432123944233,49.0153262781741,33.4216906715243,33.5283673167975,32.3755663135706,32.245604775932,33.5120809100431,33.3024394376383,74.930440443232,48.2825915884706,44.2686813186813,45.6689260012494,58.129571662404,64.8074850289587,34.2818746717588,31.5043759945442,58.7406389314814,56.4687547682461,66.8607199371721,52.5857834021974,49.9559734640995,75.5220198379281,35.7142861227167,36.80025099401,35.0104922742341,35.8870955869334,88.4351123289122,88.6539472264784,78.650414574415,33.9884023009835,32.246089257079,27.5680308923027
"110659","Campo de Ourique","PT1B","1106",86.0572795860625,62.9165465165479,63.409192089342,79.2758191663716,52.5455528291563,30.9327174973809,31.0670841418264,29.8012004754654,29.6780390822669,27.7993722653509,28.0955837471537,82.5915771874193,37.2759835782766,44.4663533834587,48.4071950187683,58.9165214627114,79.9703636381511,65.5687161207751,28.4289943797672,46.8676064029795,42.0106419537689,78.8469681486404,37.4018831077819,36.0310432530505,85.2568587663906,36.8098786600307,37.5829544645998,32.8314299923957,33.2883766106395,96.3516249651746,77.9986581033879,98.1472109317314,37.7911828505806,27.2530419671495,22.4278307872814
"110660","Estrela","PT1B","1106",85.5359092220695,66.0121271356147,66.6840771092736,80.9919684983978,44.6853253506597,32.5603583332609,32.7308571589007,30.6936674483146,30.5256799548999,28.9805101438564,29.2020011106554,83.8366531980388,43.3211617195734,36.2214285714286,49.0806515951304,59.1551891277398,77.6590536296135,66.2641022357185,25.2665094339623,49.2021806423242,43.6034449002353,77.958952514056,40.2473802541688,38.1730999007,87.4879058309537,34.9467959849271,36.0731382279813,31.4352538002739,32.1266805847634,96.4555817935787,79.3516610190113,91.7813572916264,34.0332778702163,29.9709889172289,24.5945305063918
"110661","Misericórdia","PT1B","1106",96.1556641496977,36.0758846855226,37.1497957056238,77.1502041589399,48.481836854269,39.4704033862605,39.9080631159248,35.5341025378927,35.2656247828674,33.4639662342407,34.6078150048217,91.53700700864,42.2234731769337,40.3775974025974,46.096487901337,56.4654806029572,100,63.1408316113867,19.0122641509434,50.3883228567455,39.2823014125566,95.8514296290366,20.0198179503422,17.7646048081295,83.8844782921996,45.3000989967716,47.3679273833184,33.4147580428072,34.1664957568781,90.2605778358426,52.7225027558799,88.9264451315025,39.6133043821555,35.9497753526477,32.1192924736548
"110662","Parque das Nações","PT1B","1106",68.9661962211097,85.4745629632566,85.8671429978191,81.1705797850308,45.5721004661355,31.554118537248,31.6327138256641,29.7041401411169,29.6059951324762,29.8059112160181,29.5652679765068,66.639694387499,73.6056369308744,32.9123626373626,45.4807263613849,56.710576511066,57.279359430639,55.2807623635224,26.5771661476461,56.1108420308595,53.6209040193975,67.6591365056209,55.3833670386193,53.8317411877294,82.3538893968307,32.4103787776535,33.0454176068875,31.5345356863097,32.051744303273,82.045127079509,96.1922929194835,84.444671710445,34.6139153491113,30.6016188546151,25.6759982353628
"110663","Penha de França","PT1B","1106",88.8062125262522,34.7098515000339,38.1147821945836,76.0939858690835,51.0621979045923,39.7229888534171,41.1024090108325,37.3319380500095,36.4807053763721,34.2773499427053,36.0826374059406,89.4337409922495,36.8561247009904,40.7950892857143,48.6965139333568,58.2287612552614,78.9684734002202,64.2831539882335,26.5771661476461,48.5889102599948,43.3904021546334,86.8728150169649,20.0930881883259,12.6823566766591,83.2304275742426,47.1538606242108,54.3883134390963,36.6012230734889,39.0714669107111,93.0509458756454,53.4332220999026,91.8620395494479,38.1657262905162,35.3109617907966,30.872016546122
"110664","Santa Clara","PT1B","1106",66.0266647439652,54.8909229312873,58.8081393677309,61.0678583643765,60.1129321067556,38.5543852171132,39.6029940643953,39.4754054634039,38.4961013542929,38.2245578588158,39.0398923537195,67.4055143174321,32.9302254844578,50.7392857142857,51.6637545904219,62.2312436209561,51.608064173506,26.7299394109132,37.875,62.5800129038123,61.2623321385269,61.9645948707979,41.6894600518828,32.6180114622239,73.5358663297528,42.4858645192965,46.9646569933297,40.9366929158555,43.9605091124084,80.8170504875369,71.8183356477755,83.1433512550883,42.0406892818477,32.845286331038,30.5451433319379
"110665","Santa Maria Maior","PT1B","1106",91.8310865138495,16.252265610525,16.252265610525,86.8599099637775,43.8737313934463,50.8719712285235,50.8719712285235,40.2957516296004,40.2957516296004,40.7039595438555,42.2685691593556,94.2694412501355,47.4347825517296,24.8553571428571,51.7710577457869,58.3601047638195,89.3792416683232,100,7.11070882202957,59.0096373235534,34.5033498365491,90.8657062825763,1,1,95.8220146362911,74.895271763513,74.895271763513,37.4374263603776,37.4374263603776,85.2102788700183,38.4951529592073,41.1293812323232,37.9765352294764,52.3735247586021,49.2971629272437
"110666","Santo António","PT1B","1106",99.0854509584358,58.1478235006843,58.326308294033,87.0121040038273,38.2466886517954,33.7037406859885,33.7544135421798,29.3769832213143,29.3323620229771,27.8961576745181,28.2552292675665,98.0896040238584,36.121108232983,33.2214285714286,50.8833091637642,58.1419647929325,94.0663349520229,77.827798023968,23.38134352635,44.2558284323587,34.9081744992197,95.921585442625,32.7338146228299,32.237161284816,95.6293148610442,32.8919748088676,33.2278737044295,25.2384283578336,25.403979470505,99.4223025211141,72.6830730364153,94.4491243452638,28.1664438502674,33.6304985406718,26.3197640617348
"110667","São Vicente","PT1B","1106",88.7654959621637,35.2104210786554,37.9265150829623,73.5486482353904,60.5783905884952,37.7142739883124,38.8483333370545,35.4742610338239,34.7952375327471,33.0140709083392,34.665371644617,91.910382754289,35.1558303336961,47.1553571428571,46.5126442392151,56.4446074422894,83.2664086629203,54.7961816041894,33.7971698113208,46.3066788854439,42.7134133071899,85.5774790899335,19.7452482234905,13.983836699203,83.6358263873293,47.630565186874,53.1155979268109,37.0138154330823,38.9342859411781,87.0334750022892,54.142239579248,91.2061839065095,46.9024004220522,32.9524657512465,30.1789252724753
"110702","Bucelas","PT1B","1107",41.3851175902543,34.4628347286087,37.3912005624337,15.7434444644284,67.9981896860395,63.9718600050853,64.6991047531832,60.1026033826673,59.370511924211,68.8582580578678,69.1904119077892,41.3490699633402,1,56.4392857142857,84.0555438419386,75.3029110805935,33.0126870217207,1,48.5566037735849,86.0057703557813,72.4769030682315,36.3435470295501,42.3903579551609,31.4408161417283,28.4185885172731,64.7414685375595,68.0913760264543,64.2825021660053,67.9323494371495,58.2614624354559,35.5661113555651,46.9526727395211,48.5090652699436,53.3747605877915,52.6776720498786
"110705","Fanhões","PT1B","1107",30.127470036725,54.2765790426055,55.398174442663,30.7914149007137,79.5144567262805,54.9586394818129,55.1892738067803,51.3225198234188,51.0421209734044,59.5143150953586,59.3947813811687,35.6478431428084,8.3999793829824,63.9392857142857,72.8230308732387,73.0032229399809,19.3083161700417,15.7976128812615,77,71.1458051952858,62.6313569828989,29.090421709114,39.0490375651737,34.51167435585,34.7973268188201,65.9282864828293,67.3061989754489,65.6877379689641,67.2001923720719,42.591691603777,60.7665477457192,79.0044518365488,59.2617647058824,40.9755398813946,39.5938860270182
"110707","Loures","PT1B","1107",51.2530166442236,62.0466882319758,62.967278050077,42.9935441897464,35.1232353042782,52.9922659982114,53.1659327952687,52.145878907444,51.9157314529187,53.9449275128048,53.7623985626103,51.4224189126309,27.01031424493,43.1428571428571,60.8303088707999,69.6061024248955,41.3074268075446,16.5515523930793,30.4533662092624,72.4153359319467,70.5625515300379,44.9962493309323,42.3024815131873,38.3439452953524,54.5474201852283,52.9935381091773,54.5033775156285,52.717949656884,54.0374617294956,68.326228676501,69.2293376067102,55.4416206822504,22.384006265228,50.6518363076402,46.1547016923276
"110708","Lousa","PT1B","1107",32.7060476105074,61.9072515311985,62.3127674622245,35.1799668285238,68.9843634812078,52.7866756882466,52.8640629497223,50.3055926371407,50.2042136543841,56.8672441330505,56.5821592921289,36.6965649862083,9.76597602632656,49.2928571428571,73.6712040302438,76.061150461152,22.0278146767671,23.5981596644205,49.0660377358491,70.5047038893922,68.4359959743211,26.4970629232586,37.158829685575,35.3340079959579,37.2191679697461,66.771526793721,67.3260847614807,66.3749798071401,66.9832537036792,51.2584318569314,69.4996068269815,86.0318637064375,45.1764705882353,38.9687515585528,37.0084067553536
"110726","União das freguesias de Moscavide e Portela","PT1B","1107",71.7103299823662,63.2178684599856,64.5223771826473,65.1072504159763,60.7734334617743,34.5860747597289,34.919136539496,34.7977794199744,34.471652239309,34.1898400697338,34.4557488534467,68.5042235240318,37.6383481513867,53.9535714285714,48.1544336556263,59.9759642240025,58.8622980857683,29.7053707017364,39.8339020473705,58.8177697836044,57.1994763883749,67.6624030417074,41.8733931921367,38.0996358158654,76.90460741247,39.7898656124755,41.6412220295259,37.853198784562,39.1111179099858,88.8394751827664,76.4878781587661,89.5402379200851,43.6338808250573,28.1714247364747,25.3746319783313
"110727","União das freguesias de Sacavém e Prior Velho","PT1B","1107",68.3053909249212,58.5534403940331,60.8620592739932,56.490650516361,45.6578089964549,42.7657832610319,43.3168645266855,42.7481772920575,42.1710225720674,42.3087989787463,42.6402444346629,67.0256638113529,26.9814716107653,53.0857142857143,54.1321206659252,63.2267875730419,56.2447708716819,26.1316280627857,26.8393020699762,65.9013828104524,63.594766331852,65.2885892583943,42.2046184114401,35.5175844143144,69.1840895893081,42.4218200720556,45.6148720895547,41.1075675802858,43.3365789126611,82.0845677375159,70.6996190015211,79.9475497405997,32.3712708579134,37.6635939110219,33.7242481656125
"110728","União das freguesias de Santa Iria de Azoia, São João da Talha e Bobadela","PT1B","1107",59.2816815572383,50.4948184351761,52.7198438343233,43.904528339144,29.1254570754043,55.2505401357037,55.7318060002733,54.2983786482593,53.7421222984725,54.7646889674195,54.9665730724934,61.5896386921506,13.6037666659088,50.5464285714286,64.8821433439812,68.565041517628,47.470705551088,25.1628378300312,25.8971188169301,68.5692755123708,67.1564459339835,53.5674258656181,38.7913020539736,30.7255849820651,57.9424870483552,50.6054747661955,54.270565990549,49.8995950106844,52.5881673679872,73.2150756250889,58.0259549887422,55.9250229263845,16.8851351351351,55.0450128302808,48.9872028311623
"110729","União das freguesias de Santo Antão e São Julião do Tojal","PT1B","1107",50.2982081563505,64.2517259856861,64.794210988157,34.5970252936189,63.3531100669897,48.2687238817674,48.3777562788399,46.8749826243387,46.739361373721,52.4911767192662,52.2514216068187,51.1695446119524,9.69285698459037,52.3266483516484,70.0149859416835,71.7027375129522,38.1693328794075,17.9851560360606,47.9016172506738,67.8695102434497,65.3146312779527,45.2347016758191,45.3493475169715,43.4398003082741,40.9565678624218,56.2007703184666,56.8246460682572,56.1531276482625,56.789643384495,67.9159785305773,72.5104266513258,70.3741611778595,45.7780135004822,36.8697525543147,35.8553550349388
"110730","União das freguesias de Santo António dos Cavaleiros e Frielas","PT1B","1107",65.9834741056018,36.6118229580178,39.1673131690119,48.4473240025499,51.1787414605943,49.6702426776697,50.5068911176004,49.444659368309,48.8057868155605,48.6431382623261,49.5394512526747,65.6946469932925,10.4323563839677,49.8714285714286,67.1493596391861,68.5003920128278,53.9622506035983,23.2562274279042,38.8708272859216,63.4005922948013,61.303564894192,59.997284177173,24.9718162531124,17.4815863243364,64.735596001884,53.9523637630482,58.9966963729484,50.0984345226102,52.5951778322022,81.9922544659107,46.5185526433171,73.1210594878844,35.288062283737,43.930832041387,40.7700177797877
"110731","União das freguesias de Camarate, Unhos e Apelação","PT1B","1107",60.5064445913737,24.6999075429244,29.3850621354956,50.3770122615845,46.0269595034783,54.902844814486,56.7929044320448,54.5974190251598,53.426130377017,52.3162999316883,54.2115683607374,61.8189309666361,11.7817350632809,59.2497252747253,64.5627878488225,66.7874021738394,48.5188542037892,24.4639210859133,32.4043373216751,66.2063832178011,64.8709624628742,54.2233777144168,20.9186536491884,10.408712265853,67.7516994704965,57.3410359743995,65.8805523182048,52.3687563886328,55.8720701830779,76.1083041183079,36.1949993962209,67.9214010834853,29.8532309475514,51.3052953534047,47.4805161136086
"110902","Carvoeira","PT1B","1109",28.3983521554713,26.9676824440603,26.9501174987552,11.4661762545943,70.912337959697,71.7038315372951,71.6992299075208,65.5638627965443,65.5682540328705,76.0229078062337,75.9610193873736,38.9096520725327,20.0842217435625,47.8785714285714,66.4815456903923,73.2818886888333,19.5148935716501,5.63790738972397,49.7665094339623,81.9501049711598,75.0268965348879,25.4385088176761,31.8800387887555,31.9832328424226,9.94822106576223,79.8080487982811,79.7859016276849,77.5777437759354,77.5433457580464,34.5037243104057,25.9388515931142,46.7793379815602,48.3235294117647,62.2531130195072,61.1136391757888
"110904","Encarnação","PT1B","1109",8.05972516711767,28.145170775064,28.5009202696276,15.0761708273547,69.8232092098326,77.5130187875488,77.5841482128378,69.7239310051578,69.6349936315169,80.7069202515267,80.5908817505915,18.9879705009105,7.69703950447318,52.7321428571429,79.9400128864278,80.1457117843684,4.67038077068456,16.5503712628824,51.0825471698113,83.6939913815064,75.8989002655406,12.0757736803779,26.8352954391555,25.379956597759,7.68462523217621,86.3240990903403,86.5844621324693,84.4681018827634,84.9532148298956,6.54610451806911,29.0397988912509,61.8542069809297,48.9595588235294,71.9535410119266,63.4000826965552
"110906","Ericeira","PT1B","1109",43.634584574001,22.2131999636419,22.3546112498457,31.2660504684269,64.4614142726154,62.4793299329943,62.5377731020136,59.6061876803287,59.5708348587777,62.7281671768317,63.1642051874575,52.0624857138575,39.7045151564652,47.6321428571429,53.8171111641952,65.1502140681336,39.5374728963989,21.4298786631572,43.1836674528302,66.7509560868626,65.2829936625379,33.846589859357,30.3615277536061,29.6367949118116,31.3597549752747,68.1762970964004,68.4311108610693,68.1440424705874,68.3856200845189,49.5337957862545,20.4135405822675,46.7671417443237,45.7249932230957,61.5781295881377,59.3901321660146
"110909","Mafra","PT1B","1109",41.8257377669182,62.2710828002054,62.4120406587357,28.7501316190524,54.0938983763296,55.0678002876951,55.0933471258324,53.2647873593736,53.229547894741,59.3398407545508,58.9871275708887,48.0817511281638,12.3940326806684,45.780900621118,69.6695479879236,73.4358288925124,36.5956097250282,27.4803512826069,36.1338443396226,66.8688598894687,66.5967315509141,35.6863937921888,41.4314482153861,40.5957694826704,28.2945318078442,65.2732799795861,65.5093803055741,64.8625420615269,65.1411016390988,48.5205377050785,66.6689724588356,52.8490666505212,41.5733866362079,48.3530970433382,47.5970091373392
"110911","Milharado","PT1B","1109",23.4095475900705,61.4918578103387,62.2518687778926,17.6302593472079,72.0469666066086,62.9273115936359,63.0421973781967,56.3553421614436,56.1653394195551,69.2957546302134,68.9014496050512,33.3893580772175,4.72408573933608,51.6285714285714,79.2002961528763,77.5644961887187,15.9043399492439,14.6345784499358,54.0330188679245,76.5899177037707,71.8093542442986,12.9835362920381,48.012948350316,44.4788973511904,17.8662402861368,77.5286681121489,78.1069266045823,73.7124250238364,74.8904420235449,38.5340196673857,66.1529428676396,60.2787817632014,51.5475875743556,46.9277137805323,45.8716670318544
"110913","Santo Isidoro","PT1B","1109",15.4080544431856,55.4538093774842,55.2647606485229,19.9927954403773,71.1207075337792,66.616035150503,66.5871890729514,59.5061583012934,59.5534204835338,71.7451849520479,71.3226897775572,29.5668644648246,12.9737211860865,49.6464285714286,73.1363976506886,76.9532464444151,8.19413739328402,27.8461281584339,49.5330188679245,77.2466653512577,71.4755718601192,7.60708567487457,31.9238433059447,32.9469305450294,6.77819267846148,87.9858707270031,87.8524415075064,84.5636261135731,84.2225970338782,24.2968583264418,60.5553685795073,72.9787836064921,48.3529411764706,52.1698354757816,48.454012077772
"110918","União das freguesias de Azueira e Sobral da Abelheira","PT1B","1109",17.1827719357304,37.7713118732554,38.1700122463024,8.49640325140564,69.899925369678,74.6849208136731,74.7521413623611,66.6623968924826,66.5627217992209,80.1256788562941,79.8862810465807,27.1351913045618,4.14578059105899,50,81.5274077012368,79.6797570260948,10.2235639726644,5.57358543498696,48.5990566037736,85.5900165827081,78.5345979961917,10.8201454895068,37.848748815755,35.8552469505201,5.89153136533932,86.3184514654212,86.5739988791912,81.813191443133,82.4776920648779,28.9789304018047,38.2503281039392,51.1300369427153,47.9705882352941,59.3686307779672,58.4175290790617
"110919","União das freguesias de Enxara do Bispo, Gradil e Vila Franca do Rosário","PT1B","1109",13.6482708666041,58.650979188998,58.8367511571294,19.6169440808378,77.8205643984062,66.4534605591161,66.4803055327785,57.5658103662885,57.5193673742556,72.0300422934976,71.6014185641506,25.4199354748599,9.2441719557547,71.4392857142857,74.0353829252433,73.4741517137749,10.80954159285,19.0757144929978,70.0165094339622,75.3696546693822,66.6994114933966,1,41.9585090121889,41.0090078417394,12.8685627491059,90.398429223858,90.4771198178452,81.3909760795684,81.7074764697182,26.6252005782245,62.9422695167095,65.188339514438,55.3941176470588,50.3269325571967,47.4625181858923
"110920","União das freguesias de Igreja Nova e Cheleiros","PT1B","1109",24.176646180395,37.1238103524874,39.0427793648171,1,72.8002020770755,81.3595058939596,81.5991646054766,66.2248353475105,65.7450930944281,88.3181667451988,88.1211263313601,31.2595612500467,5.96284489917192,66.6285714285714,76.233852010079,74.0372556055525,13.8623760519182,1.26823888080803,56.8030660377358,88.5096108189494,76.0221063431793,25.587001274256,36.4935791005896,24.468039956657,1,88.4140669488472,89.9363534855752,78.9731398750514,82.981652923029,33.5992285412751,39.5268047314425,27.156011807168,55.7641509433962,62.308682708014,60.9884509941795
"110921","União das freguesias de Malveira e São Miguel de Alcainça","PT1B","1109",36.6202703133865,64.2098881568488,64.4250180285007,38.8070211779579,64.7974917132483,50.611237205439,50.6527103327904,48.8913321596396,48.8375496917266,54.1926445597581,53.8897789674862,44.3288351883608,30.1791598461456,49.3178571428571,59.5694815008482,69.0435369556591,30.1572062727173,29.6348735219659,44.9362264150943,65.7377538840813,65.0905645967408,26.2059511701582,41.6745514943144,40.5047828172072,34.0696129601943,66.5976626015609,66.9149179114799,66.016628125111,66.4065510174801,49.0313210314195,69.5518837263456,78.8348720327515,45.6172459893048,40.7964005438115,39.2411693050447
"110922","União das freguesias de Venda do Pinheiro e Santo Estêvão das Galés","PT1B","1109",38.185634216954,55.0454900455101,55.5372552460363,15.5943570581794,64.5921614442385,61.5934428408993,61.679414052685,56.6455893087795,56.5226480086479,67.9411705815013,67.6182757559349,45.4575652026981,6.49057531582615,48.7142857142857,75.1366799135784,74.8343934417975,31.4991595431678,15.188220627888,47.9289083557951,71.4734804736066,68.4612371577164,26.1357998061337,41.6517915719822,38.7339847155265,13.5653854601258,75.3590588211189,75.9576214374467,72.8823410539195,73.8549433394047,52.693827015239,58.3518762610473,52.4198142154493,44.2576652282535,48.3148364316676,48.0692043200027
"111002","Barcarena","PT1B","1110",66.8705003356983,75.8632784931176,76.7802979328762,50.8792402868234,57.1496629858167,37.8282561488114,38.0152816984589,37.309329474636,37.0800746146964,40.2464529921111,40.0590271918886,64.5107592473108,27.2248385202051,48.7142857142857,55.8689850069274,64.8875291295496,56.7608826370949,26.4833090484522,44.6819666182874,59.2987367159665,57.3579472320552,59.8703343523897,49.9707480680514,45.752458645162,59.1989251573813,43.8382989939965,45.460799158076,43.6533308073926,45.059427281689,83.4684027695459,84.2273951175497,78.2991995233909,35.7046035805627,33.3425368631882,29.5750997522377
"111009","Porto Salvo","PT1B","1110",55.3637510395408,70.3783124240564,72.1240688602317,48.5788027482852,60.146256631739,41.5459373196252,41.9040092029414,41.3832192890946,40.9467801800508,44.1571001577091,44.1007124286359,56.7436120593698,33.6178978412762,46.4642857142857,55.3903020446692,65.7935510962671,44.3396128308611,28.4437958165018,41.3608490566038,62.6164251464256,61.9519140986778,46.2692484099504,51.2080873519635,43.9870039114201,52.1147855818345,50.2023091233657,52.6614372498908,50.1359595520839,52.5429873655983,73.7528482270237,78.7929325295347,78.2450356868247,41,34.2496754366997,32.0522958891543
"111012","União das freguesias de Algés, Linda-a-Velha e Cruz Quebrada-Dafundo","PT1B","1110",69.9425329365576,69.34965689451,70.1866282485079,56.750656110694,34.5285768821865,44.2638369465453,44.4313450932184,42.357144294013,42.1479014555135,43.6051434492618,43.4660908084057,72.1125634323534,31.0039264417778,43.2726890756303,54.0347045559936,63.4027052625596,58.1719694514405,34.9350265269168,22.151628119294,64.3501801701882,61.5804586341163,60.5944505385054,43.5627719653094,40.0893408462179,63.7581010869563,44.7741586519058,46.2746826904294,44.028225469743,45.1860358427735,84.8916105443546,78.63864611619,79.3029452180266,21.6853355426678,41.5861324206578,33.8703656446903
"111013","União das freguesias de Carnaxide e Queijas","PT1B","1110",65.6082971042938,79.8267428184484,80.6675530804697,46.8915064106154,40.6630896075225,43.601973399256,43.7502829221156,41.75259101478,41.5423884492747,45.5988957177454,45.24811965542,68.7868711522797,11.7738503549107,43.8928571428571,66.7948946286999,68.8866053374881,53.7295279393529,29.6630525883855,26.247641509434,65.240727979794,63.4532593209425,56.6089424958148,55.0109051446156,51.040412240626,58.7380621658866,43.2341446774222,44.632697226419,43.214030064561,44.5375276992242,80.2462855424103,87.5603838692066,66.3285202359472,27.0703193277311,40.2743241553379,34.6986227561762
"111014","União das freguesias de Oeiras e São Julião da Barra, Paço de Arcos e Caxias","PT1B","1110",65.5492904722211,63.4129649194904,64.535343379312,51.9523255462267,16.956038175064,55.8738126893765,56.0682773501679,50.5323452217495,50.2517506067941,53.7896720967136,53.6091413117189,65.1478141333566,36.0898594361339,38.4776954177898,55.075881847037,65.0711577531799,56.0340060863722,29.8776051452761,11.8900943396226,72.6853502207806,67.399431476243,57.1822012312401,42.2009866768299,37.4869971455793,60.2526561817255,47.4035226117988,49.428507448172,46.7880519700681,48.3593818138184,81.0956223861292,71.5148298488377,58.7108620526319,12.757166001994,53.9746228077293,43.9803799276018
"111102","Algueirão-Mem Martins","PT1B","1111",64.1366499386384,38.6698152258276,41.248891180715,42.376975924624,35.0836179213632,55.4432724387489,56.1550302122779,54.9332352473867,54.2884662586649,54.5970922015139,55.2046936177467,67.3314040977956,16.5375278197359,42.3928571428571,63.6747847037085,68.4345527349028,54.5928223145219,27.0568883398982,14.8623751387347,71.8609438047442,67.829304735615,56.6254152666803,28.5239316978009,19.858236489379,52.1807121183372,56.1067752233951,61.0163962725392,54.2233136390605,57.1118787085345,75.2439626162738,46.6408231650007,58.5365339036652,25.3075131042516,52.161533956793,48.5677918027022
"111105","Colares","PT1B","1111",40.0193800011281,48.5217668764155,48.9677433465344,30.6890166616264,64.4856186504833,55.5866665458049,55.6883392413878,54.0710544525867,53.9595603350569,59.0052976894593,58.9188330214056,48.9138531229956,15.3835364791692,48.7142857142857,66.6149243332205,71.7470811708874,33.1063135484041,13.807518804747,48.5566037735849,71.7490795843229,68.176521291088,32.8181049731185,33.2281767780759,30.5820497220374,40.7943407965136,64.5623658268553,65.526637781718,64.386459150764,65.2685015027768,46.6218910164575,52.15819602933,41.9266491458363,45.2970716670948,53.6397108130896,53.4990480353204
"111108","Rio de Mouro","PT1B","1111",64.2757607598226,29.9879038873849,32.9320232590705,40.791850275372,33.7351430523307,58.6546626288489,59.6046834143688,57.8023355062724,57.066305663351,57.1324008274344,58.0675963762037,66.2604128899809,19.6780686220889,45.725,60.7956599983552,67.0841296219826,54.6788299824713,18.1158488273118,25.8915094339623,70.4109288722569,67.1046039187515,55.6637926093375,25.5520220901633,16.1534871728594,54.5500312423056,57.2784198812247,63.2038593631388,54.7447180193979,57.8775629918325,77.8993367096526,36.2983395817299,53.7211978798984,21.080683994528,57.5757084068008,52.7501104585477
"111115","Casal de Cambra","PT1B","1111",60.6175796555769,44.6519026501662,46.8803005412731,48.2974258243331,63.2720717613348,45.7061269464443,46.3610286243669,45.7902550271473,45.2331555543705,46.2165827393485,46.8327887012299,62.2699465149966,11.1452670408955,47.525,67.591521816482,69.764946611027,49.6604632534403,24.1259442373751,45.0966981132075,62.1414024670361,60.3722981319924,50.9588984090236,30.7539219996243,23.9861950710775,62.1876249191159,53.9351751626604,57.5492412893807,52.0331848907454,54.2890938669276,77.7975038990728,54.7968863708098,78.9132740237375,44.0588235294118,37.9216536643619,36.108378044242
"111122","União das freguesias de Agualva e Mira-Sintra","PT1B","1111",70.2145797840028,23.89022288534,29.0611679659746,54.6746640963035,50.0632657486412,51.331020212256,53.6204454341855,50.2893168714281,48.9965806012695,48.0714205499623,50.4246908638175,69.5905666145443,32.4037640928874,42.9285714285714,54.0362192411248,63.7692744659992,59.3398892267571,30.9972300603296,20.5801886792453,66.33237873923,63.0275640112227,64.0141885702731,17.5089248194379,5.58702366130803,62.547257505459,58.5547870469049,70.9209076192778,51.9765430349433,55.9505100876533,84.1912192673584,37.909694631407,79.7078554405481,36.6764705882353,44.6544439475335,40.3786900181128
"111124","União das freguesias do Cacém e São Marcos","PT1B","1111",67.2868566378043,24.6302322437413,28.0782301194307,52.6126735348608,52.2878492740975,52.1965878765096,53.7125026307464,50.795597077374,49.9335976084517,49.2533326084823,51.0118078168977,66.8980761045153,27.2879642583843,50.9642857142857,54.6138805773911,63.7124184807037,57.0977636516456,29.915360076716,30.9417115902965,62.431687601498,60.6817215604473,59.3684770734784,16.0003511115069,6.13194339832685,60.3970250246193,61.2071406979416,71.2110534446168,54.7447155967985,58.0341848345252,82.5801576129594,34.5644984755379,83.9254131892008,34.8447058823529,46.1539139049514,41.0213062099873
"111125","União das freguesias de Massamá e Monte Abraão","PT1B","1111",71.913931460182,39.0367486999459,42.1241167443335,60.7478772860466,46.6783244084117,45.8407393418313,46.8556575779257,45.4057795363535,44.6339375252566,43.0645903610896,44.1790686540032,71.4282393324111,47.2767196758391,44.3428571428571,46.8766269800248,59.2380459622232,60.729675576009,31.1280956571068,23.1485849056604,64.6846510418188,61.6645479537413,67.446838348884,27.339466977426,19.1728805374331,67.6938820594191,49.9235101618712,55.3949303828951,45.8399375380903,48.5621330180879,84.1556401015365,51.1108646418654,80.1439420415709,32.2058823529412,42.1964959551499,38.0959177155215
"111128","União das freguesias de Sintra (Santa Maria e São Miguel, São Martinho e São Pedro de Penaferrim)","PT1B","1111",51.3951093319078,59.9817977023113,60.7802584153285,32.4428566294166,25.7323420280514,59.7551040915903,59.8890192511524,57.6119735770782,57.4123583988239,61.2195743804692,60.9427769239909,56.1529671030451,21.8123228939412,36.8076530612245,64.3340729272136,71.3067642354473,41.6706094568041,14.2751090808184,30.3210138917686,73.6693689512702,71.2444225235363,44.9844935571455,42.2193005971261,37.481767033224,44.0843346027815,56.2522088713118,57.950904985651,56.2372904143156,57.8164682689497,62.9354666674258,64.542614729829,21.2148766774554,14.4044455454464,66.3949966917484,59.2256490949609
"111129","Almargem do Bispo","PT1B","1111",34.9384044983322,50.1468125682222,50.8765562693356,24.5946289130465,69.368107339693,58.1931116826517,58.3444527148564,55.2380116701765,55.0555757448982,62.8730045471095,62.7221476978976,39.85558848102,5.80425340134788,56.3,75.8389444157997,74.510039529408,23.5386005812772,14.4593861169927,57.3485849056604,72.9225634437071,68.2178094653566,28.8173918044273,34.7256643136493,30.2429530068095,30.1844404853028,68.8538248112721,70.2588652474287,68.7575011322069,70.2517382344868,52.5583176880783,54.0170074829413,58.3596480482873,58.0502028397566,44.3096483941128,44.2537059852341
"111130","Belas","PT1B","1111",63.2803309737502,42.3909813171841,46.2818081024264,44.0624136388616,56.3883422300479,48.0516321501478,49.1762391663171,48.4694829600391,47.4967762637285,48.7377230264649,49.6385745076703,65.6489712569122,23.3732707592278,55.3785714285714,55.9245113469745,63.8997966388221,51.4578018593328,13.7503013579836,39.3434732383519,69.5132316684599,65.1494745147772,54.6029492830624,33.1357756926611,22.1117664678079,58.0612015318744,52.7826548961579,58.6606276646925,51.4000244974674,55.0746942390851,79.1437452421167,53.4523712350256,65.0257777079724,38.3032062610452,42.9894498576126,41.01872488846
"111131","Montelavar","PT1B","1111",39.6329327156348,45.4086121759137,45.9597134604963,17.5290932918673,70.0927415562887,61.182796076228,61.3001336112059,56.8341550650739,56.6963797439282,66.6761067303997,66.5218231280783,46.2083144176023,4.67589364364632,48.5857142857143,77.3151972486847,75.1325194132593,30.3268757968195,7.98263642137875,49.5330188679245,76.7730514533402,70.7191563046258,34.7940665476599,34.8903928738731,31.5050564114371,19.8144844315874,71.0967560472045,72.0681720079323,70.1670187156265,71.2954642031052,50.2257327908698,48.1120813523397,67.9704662329307,49.0588235294118,46.7118452836368,46.158224023612
"111132","Pêro Pinheiro","PT1B","1111",35.7162639077947,45.5299916531582,46.5145041345547,18.5521790017092,69.1959207706042,61.6632993398498,61.8686686231481,57.7514111666834,57.5052830463343,66.9078191941382,66.796888977932,44.2595524117596,3.96132119031544,52.7321428571429,78.0641985842046,74.7617458851955,28.5894558864502,6.91310578231458,47.058268590455,78.5912641666502,72.4797232469267,20.6422433812266,34.7256643136493,28.6779447850713,23.1435195049873,74.4726180999206,76.0629222411397,73.8295242667123,75.8454307762382,53.157878086868,48.8067785441752,66.1689642444315,50.3192120885051,45.7795830970686,45.386791759005
"111133","Queluz","PT1B","1111",73.5367307382425,45.1898661903839,48.5102481167173,48.8344631674798,42.9639879189041,47.6759561635828,48.5934009219967,47.3687379962474,46.5386425146641,46.9646099741576,47.7260804187062,71.967367401355,13.3547774304577,46.1357142857143,64.3147279141253,67.1355352206183,61.791172081579,26.7005758231289,21.2631698113208,67.1682241127013,63.4150274279905,69.2607296771938,33.0826459124015,23.6748971211236,68.0001373427892,46.1261660763126,51.7273424108463,43.2188290225385,46.3547452862978,87.2252168934632,56.9253038645259,51.4349072717751,26.8916631400762,48.713569688521,44.3807272075399
"111134","São João das Lampas","PT1B","1111",24.2589580671713,36.953385854516,37.7042799444755,23.6406276824347,61.4176801571731,65.9826357627657,66.1537268238073,63.4323370596762,63.2446135371863,69.0814041152383,69.0634177155629,34.0010767717854,5.12457867248199,45.3128151260504,79.5075330411267,78.8903823574205,14.2512079957892,12.9632913554235,48.5566037735849,79.0653255441846,74.7429656250675,22.674691300619,30.2001985068754,25.6447743611214,34.4283368583537,71.3108692415474,72.8324518306929,70.8989244447173,72.4173991599687,32.5263879888344,39.185348649265,38.7617113123824,43.7508587376556,61.65131373372,61.4439233279656
"111135","Terrugem","PT1B","1111",34.9561906843958,45.2409914910708,46.1808682995246,32.1163846590701,65.9976928122465,56.9535823516466,57.1745994044952,55.4221850883042,55.1872158861908,59.9480368580577,59.9750181568736,41.4163425752626,19.2645669161219,48.7142857142857,66.0389943814975,72.6512011985824,27.0794593723523,13.2887085794658,47.058268590455,74.1846617021662,70.8578544859089,25.6521381403351,30.2001985068754,24.4982792022555,35.7333674598841,69.7404022396256,71.7741002415902,69.4714319643018,71.3720717325084,49.8952567483325,49.3349478638633,69.5643662596413,45.2617647058823,47.2239816417177,46.4859161055701
"111408","Vialonga","PT1B","1114",56.1277790975908,45.9863442274072,49.1650816599912,36.4366119586144,58.3477366849437,50.7671995135944,51.5825963773338,50.775382007861,49.980697649715,53.0452315237427,53.5557869473513,59.8502943160706,15.2566706359339,45.2896103896104,65.2239321797766,69.9008561645963,46.9702581428377,9.72395062608467,44.0274174528302,72.4941081343448,66.4261245927491,48.5580849655819,42.4759353823918,31.2179069753234,53.3371879162107,52.0799525294163,56.7306648840498,51.8762639119385,55.628940047628,67.8410666970001,51.7968769167516,55.5265538899544,40.506706720693,46.9610810076632,46.0821989439002
"111409","Vila Franca de Xira","PT1B","1114",51.7177302602078,39.8504801748539,42.6336271161562,31.8192142505611,51.7917289419326,56.3195003545704,57.0496858700861,56.2052115931111,55.5094248577856,58.320447115725,58.7985579978478,56.2230868592404,7.45275543321821,49.3805194805195,72.0080512105045,71.7359095567555,47.245967766537,13.4694266468408,40.7210242587601,70.2327201161417,66.1878604426207,42.6332412152001,43.3791960928998,35.2359143016822,46.1332180031765,55.9762843807822,58.9181719985159,55.9514482295745,58.6658754933137,60.4898799477772,42.246504762847,45.1858531735071,36.722850678733,54.6054428821755,53.8387278592839
"111412","União das freguesias de Alhandra, São João dos Montes e Calhandriz","PT1B","1114",35.6740009902654,59.8248541649377,62.1423374936647,20.865019684853,64.8320928981018,58.2716009845724,58.6691756613262,54.7010080654605,54.1216372332787,64.2302426629203,64.0567964235701,45.9971508386006,8.05210646780936,47.9598739495798,73.4859941813018,74.4977171860025,30.3848013411818,9.79776576384848,52.6320754716981,74.7078583568018,69.0617858077572,25.2123289294995,49.706378590425,41.4986251345169,23.3423966746194,69.1352501820604,70.9566787535511,67.2462986018187,69.9822164204547,44.4376581279408,67.035173783464,57.7719460199461,47.2277618364419,46.5930783506396,45.8818650580518
"111413","União das freguesias de Alverca do Ribatejo e Sobralinho","PT1B","1114",53.3800704551192,55.7206386421322,57.8622069082397,43.0471579925716,44.4090122920762,50.6981377437663,51.1620458260399,50.8607801545252,50.3253880879983,51.9300372899306,52.0659135247342,55.4728657939549,21.6642700944642,41.782722007722,63.0262640986036,70.2700355259647,46.7668031772916,26.4728204529498,30.172662243417,66.5437687981751,65.5292380421139,44.6422076501665,43.9153325839063,36.4663994844019,50.92121681963,53.6083268699202,56.3880553560383,53.507080982099,55.9900586819339,66.3085010133341,63.4898930391111,65.3066427704999,32.6767937944409,45.2028087019514,43.0545423456535
"111414","União das freguesias de Castanheira do Ribatejo e Cachoeiras","PT1B","1114",48.7719744796169,56.9852998910669,58.2255337764692,32.5535518790206,68.4330546157265,49.8082877114443,50.0784180293344,48.3140297836423,48.0039713122917,54.0532579393358,54.0008747479777,52.7105741815662,11.8382361409861,56.6964285714286,66.8620035736272,69.6886902765048,42.842613896073,22.7128569639505,60.1320754716981,61.0929320609053,58.1041512227595,43.2899175587516,40.9595741858523,36.6457171931486,33.3340675516197,61.0404673307056,62.4596872271647,60.8054802345922,62.2434325654934,56.5324965289346,65.192499927069,73.7674228530257,53.6803278688525,38.1845636153474,37.7068132055296
"111415","União das freguesias de Póvoa de Santa Iria e Forte da Casa","PT1B","1114",62.499066324041,49.4119614518382,51.8848712568599,58.191288397091,55.5268100862691,43.1034392981188,43.7924562237664,43.5927184351902,42.9744909839347,42.3060453049853,42.9314558968827,64.1200452539535,74.1113470991183,42.9607142857143,41.0905965641691,54.7019733403035,54.0054273980997,19.8736277012996,37.3982125124131,65.6731570032479,62.9075774627292,55.9831976408065,39.0708856363923,30.7619086915193,62.0115401399281,48.5999199110431,52.5056471620213,47.644792194291,50.4144511759154,73.2086235060244,57.3145261807869,67.34277137157,40,41.9898263759043,40.5335197354047
"111512","Alfragide","PT1B","1115",74.753081808486,87.0784398896997,88.3618462199171,57.5247777687751,52.7204534871667,33.07839020933,33.3235856656274,31.9808117614681,31.6599601789138,35.0549885673365,34.8032535949889,77.1712894313634,24.75841670078,44.6964285714286,55.8543164494011,63.343466324107,58.8296076286905,37.3175252224177,41.127358490566,55.1197321113364,54.2418362194419,66.5040948380154,59.0042940292261,53.2627393940432,64.3534663132204,36.791327364305,38.9083091107456,36.712714939846,38.626566484907,91.6587817049609,96.8132627596615,89.3905372361137,27.9117647058824,31.2377506706251,23.5564133983454
"111513","Águas Livres","PT1B","1115",82.6379384709283,40.88425457276,43.5533486426287,57.063603477402,46.514059085097,44.3757520061133,45.2435573658177,43.2250360984532,42.557762580986,42.0565732764281,43.042921797093,84.5689759198806,15.861065251398,44.7178571428571,60.5955620432389,63.7130254214661,66.6429803769514,42.3166238158684,22.4396226415094,60.0479182763909,56.2002577218902,74.5428215611977,26.495739980425,20.2155186395576,65.2540394445545,49.3714027608138,53.646392257909,44.5691330046076,46.6625401182301,98.1929129426271,56.1611463494748,91.0618363967658,30.8833570412518,37.1286180919683,30.9251868174701
"111514","Encosta do Sol","PT1B","1115",76.0882202087199,41.3557985935753,47.4728151381358,50.6773651707674,49.0352368700785,45.2473331475959,47.0962097119308,45.7108447892147,44.1815906530746,44.5113925668131,46.0284657558379,77.2627050746913,13.265584003038,52.7964285714286,61.8379018376491,64.1688205877105,62.7862464791351,24.2730159676322,30.2301561483409,64.0750917625966,60.9035271349639,71.1910925189605,33.5057763614683,20.0823233886828,63.9250587330144,46.5168022313018,54.7684828693911,43.7926907955189,48.2671751197808,88.1329468179648,59.166149927904,83.7431509546225,31.5282042435743,38.9932747398089,34.3573870139836
"111515","Falagueira-Venda Nova","PT1B","1115",84.877394301091,42.3061731259194,45.2860966341003,63.4573279907326,56.1709313239604,39.1351099504437,40.1558178365613,38.2970433145741,37.5520624375289,36.5811732164629,37.7802304549012,85.1616518524622,25.4262042557337,54.3178571428571,50.8730380458752,58.7735716872367,70.0180930137721,41.8193891842568,32.0604952830189,54.5014286142133,52.0340075063174,79.3098394275733,27.3840922034854,20.372507478354,73.2196419796539,45.6920526787396,50.6830435922071,40.0288087964292,42.3660037048063,98.2016919479622,58.5180129523808,93.3975383352651,41.9154701250579,31.0664601517001,26.9918216598335
"111516","Mina de Água","PT1B","1115",74.0405944221889,48.7605536997943,51.2798226657371,54.579883804148,45.2438151996094,44.6491572205932,45.3406423020385,44.3437882185649,43.7139709770792,43.508321241648,44.1251135747288,74.7623642259376,24.1992062981817,42.8461180124224,57.2554611059795,64.5480778658646,60.7279815689666,29.7443003541807,25.1415094339623,64.2554908403054,61.4620695476302,67.7148992890794,32.0211210494586,24.6370568389366,66.3598431572669,47.5335603857914,51.8594458911038,44.6347121680651,47.0960669049057,88.5077505681024,61.2530788598813,73.1889159918739,32.5795327624721,39.9608063008119,36.1176804544176
"111517","Venteira","PT1B","1115",82.0886719661404,38.3360673710429,41.9363628087985,50.3505047208389,46.1000029301064,46.8020100495204,47.9757417605252,45.7811882529679,44.881114393529,45.2850201751723,46.4461241418636,80.8577482557494,14.8823648928715,54.3178571428571,59.414036252311,62.4855074271305,68.2643358026011,26.1318329507567,23.024824112568,65.3918283254534,60.8596690446914,77.5494559650635,27.2885307129907,17.9974457123312,64.1466249177813,48.4932467585238,55.0191737001687,43.6717961347215,46.7688244682747,95.702737390706,51.2033586245136,77.2891664036915,30.2950367647059,41.6967373891823,36.3774252040958
"111603","Odivelas","PT1B","1116",73.1324540671509,38.9229215547598,41.4931942946923,52.8053576430199,27.696033324461,54.0383025062815,54.7651427839328,51.8608083526521,51.218240167669,51.0782602484365,51.7963810026322,72.8841683753693,12.29034720438,48.3607142857143,64.5394638525808,66.6161925336341,61.2624104717871,30.1576097959701,3.36692536481085,80.6144729327791,68.4043514558106,68.295841822754,23.4330132668367,15.9880853304806,67.088471597498,52.3309804748313,57.8836755372478,47.0608911043038,49.5425337497558,86.1199924465362,51.0158352002888,76.8939105924257,19.8276114716349,48.9286190879508,41.5356625722786
"111608","União das freguesias de Pontinha e Famões","PT1B","1116",69.842508957893,45.735297191731,49.1318613366069,48.6702578402415,40.8535940272908,48.8734197799841,49.7797105247974,48.7245854957109,47.875444459492,48.150659014635,48.8642914360174,70.7894311637544,22.6952419826129,42.4517857142857,59.0328223641707,66.0158852848368,56.8672034156312,20.6375871406433,30.3102786309785,67.0289149264216,64.061643604249,65.1594587082191,33.1864691579902,23.5446096499555,62.2636374702733,48.6961749940293,54.1653358115829,46.4634782211725,49.6774313905174,83.1732805387372,57.8039167319949,63.3346179908592,26.1014497780244,46.7993569102525,42.3966837400961
"111609","União das freguesias de Póvoa de Santo Adrião e Olival Basto","PT1B","1116",67.1038682130773,42.4720238919921,45.4952171929418,58.6425285042067,55.4339213727108,43.8627828913168,44.8151172588795,44.0869145045033,43.3311161792659,42.2817840256757,43.2640145462127,68.4340722484202,14.5702294276744,48.5616071428571,63.3003188941858,67.1085227952621,50.9499278335284,34.1134223643642,38.375,59.431958917073,58.8538832673691,63.9385313591106,26.0713066092729,19.0468280570662,72.5318566749571,50.4374380889227,55.2552540558156,45.8194351188865,48.160927969622,82.5432770066896,60.1710607450472,89.6302911261232,38.8348560700876,35.4611922921952,32.2051287630131
"111610","União das freguesias de Ramada e Caneças","PT1B","1116",62.38625678289,61.6227620279779,63.1924236592945,43.6726902611721,53.5446392206732,44.8863828284162,45.2326026901906,44.6934129268217,44.3009975189926,47.0290275669054,47.0701293568494,65.0606699958755,10.3758185393209,60.3821428571428,65.136234032871,66.0453421519152,51.538056869251,22.6472398535111,34.4162237576402,65.6964072027258,63.7994931731992,53.2201325444856,42.0929997724851,35.8143532472186,58.3362894036517,49.2437785922928,51.890439805938,48.7835260931259,50.8764082682147,77.5312272455754,70.2255649548976,61.5955201758455,37.9410622501428,40.2344639346959,38.1766563433847
"150201","Alcochete","PT1A","1502",51.6927708252591,58.3276322374565,59.0086541288896,36.0942596381943,65.6990227038021,48.1131409282199,48.2638334103204,47.046578648822,46.8763231759637,51.7580915409695,51.6534170339529,54.3130253277325,20.7650828914567,57.0071428571429,59.8196780463679,66.978687230917,45.206485664074,10.6678170555441,48.3849466776046,71.1395936863115,65.2469168675924,47.484562593329,48.1535910176388,45.2403307042861,49.2521045071494,51.7086178689922,52.702325246014,51.703247293961,52.6743340650785,59.6875269059519,62.3203682984238,46.3896998432306,48.2645071542131,46.2712860278113,45.8344744495452
"150202","Samouco","PT1A","1502",45.8153689646882,39.1744480203486,40.46398628557,42.94594439943,76.6789179573063,50.2635159596062,50.6626805879565,48.8463301645567,48.5239455982514,51.5700966305705,52.0284042060095,50.3610845348422,13.1094804477781,50,67.6902176776407,71.6323587543449,38.665430913949,14.9433454988365,51.7660377358491,68.8054737064187,64.8750619504551,45.9126383732494,40.7525429151506,36.645124737038,61.7131876287586,51.2899856527057,52.9766456375731,50.5405436942805,51.9096830869846,48.9836280910739,40.3319349466094,63.6214156317842,57.0437589670014,48.2391992966996,47.5048155908828
"150203","São Francisco","PT1A","1502",45.3703907064689,85.4515487210376,85.6564756772703,46.6905531391114,71.0037012687612,40.0523114439872,40.0883760184488,37.8709515411552,37.8197198020971,44.58137713043,44.0943405374758,48.4608405993782,11.5507453632507,50,69.3650565451469,72.4971035093428,34.8054594658119,27.7858505169179,49.7665094339623,63.5973930475483,62.5473935277693,42.0548594002603,59.1443985631421,58.0474366209557,56.6250884805324,47.959250092025,48.2836972973569,47.3918845186884,47.7575384994172,57.3993625964922,91.7470879872727,83.9664041784309,49.7941176470588,31.4667926731366,29.2732568976864
"150303","Costa da Caparica","PT1A","1503",51.5310771955059,25.3778607313425,27.6696719106023,56.2667278790997,61.8404395493229,52.7502404777299,53.7448261626504,51.2459736611823,50.6730208663673,49.9917720332718,51.347245471491,54.2191271705779,100,47.6964285714286,36.2406212073157,49.5211110644984,43.0352900847838,25.2110847421248,41.8196661828737,64.3019452317969,63.3113196634059,46.2804893357713,25.4582146460594,18.58278110828,53.0501750831634,60.2607339045601,64.1488414733897,58.4037069783353,60.6955181575951,62.7395687453808,28.7754005428738,41.1594895697673,45.7682212327162,57.0176700311491,55.3893299773155
"150312","União das freguesias de Almada, Cova da Piedade, Pragal e Cacilhas","PT1A","1503",79.0111154386139,48.2946679894275,51.6321596107895,61.58146245374,35.0182867302461,45.4936629412162,46.3953336933777,44.0236168469931,43.1892439416526,42.6393726326627,43.4409408432183,74.2411403039421,31.7205805095769,46.3035714285714,52.1658724290951,61.9336769394774,64.9701822385995,39.3431936899494,11.4830810077957,68.8525460674496,61.4011810212185,79.6215377826029,39.7484597330568,32.7026440879591,74.4717470147719,38.17745018628,42.0297251935639,35.3860851565228,37.7346903715554,93.2371117013395,62.327489500749,76.2109647761338,19.8649025069638,45.316388556228,37.0898828787035
"150313","União das freguesias de Caparica e Trafaria","PT1A","1503",56.5343751313721,41.9602847878103,47.6168470863722,48.5085686639631,54.9630021084311,48.2376790427588,49.8443058959353,49.5084423271059,48.0943017524654,48.4067064755912,49.6367643184915,56.0789379163912,46.0757784550657,47.1343406593407,50.4280763392988,62.6777357423006,46.1668297494376,18.3580750591541,37.1613704071499,68.3381380048732,66.1045749280861,50.8488318831552,43.3987846295368,30.514392727257,56.8818491702146,49.9239286226859,55.4386302488987,49.6235114390311,53.9183087397911,72.7569713984021,50.9179394438955,61.5933235945303,38.782599753188,45.4306362918868,43.987291452496
"150314","União das freguesias de Charneca de Caparica e Sobreda","PT1A","1503",52.4793865223365,65.2514864729281,66.274866300842,41.9520894202536,38.5827901526988,51.2683933713521,51.4586102177749,50.4335618579457,50.1777169009673,52.8624641875642,52.6547972283188,53.9487990195544,30.8000201990476,43.8607142857143,58.2026122401851,67.8476166239209,39.6562395769921,24.1473473749308,33.2616981132075,68.2802916419087,67.6449049782898,46.5156501828763,48.093458775578,43.6588128546178,53.546772374262,50.7028796136131,52.2653741619841,50.6147062224279,52.0929215294147,70.2686513417755,71.7292885584213,26.9309649770495,23.1377708978328,57.7637772901298,51.9833310562302
"150315","União das freguesias de Laranjeiro e Feijó","PT1A","1503",79.2680019795566,50.1316058238958,53.6506805972644,55.7164173545305,40.8592625837142,44.1919871828097,45.1294351637299,43.5061780645757,42.6264093712336,42.7360660531005,43.4995662292156,73.74594035995,16.4796847641301,49.9678571428571,60.467269574635,64.9516294332657,69.7125368107596,38.9041958522331,20.5318121983326,61.6873920987248,56.9504850462249,75.4775876130202,42.4736055512752,34.1557924505858,71.5810481847119,38.7421155805802,42.9968691843521,36.8225862169975,39.595190583894,93.1364561805652,61.8472022976565,73.8461502592989,26.9509345794393,41.6866574730092,36.05481417076
"150407","Santo António da Charneca","PT1A","1504",53.1217009449164,50.9303842889617,54.1512432889745,32.1795449796668,64.184930020913,50.5935521751896,51.3461816876539,49.8958599413855,49.0906451913823,54.3257452567978,54.6607361073496,59.4633303896385,22.7942171646614,46.8178571428571,60.0251034872338,67.7311488257108,46.1769349610296,12.2591887670492,47.1981132075472,69.8762271114064,64.7885876881247,41.7028865771455,52.0392711153532,42.3766941153147,37.37573772309,56.7033885025343,59.5755446793133,56.2940348614704,59.5148938614833,64.1454485343514,55.2072293757852,63.9654460555923,43.1470588235294,44.0734172690682,43.3837043026854
"150409","União das freguesias de Alto do Seixalinho, Santo André e Verderena","PT1A","1504",70.7481283379167,33.6855183323798,39.1693443154728,52.2474215841778,44.8371823941944,49.5002105042825,51.3557658417223,49.6204373378328,48.2494808420596,47.5121628156487,49.203907526606,72.4913029610348,25.7224378602666,44.2686813186813,56.368999536001,64.3793944650043,61.9411324676747,49.1499754250492,17.2219620002639,62.3988593638652,57.2289767023374,65.4190556855447,39.7101106362059,28.4460356439067,58.6981451924494,46.5515811745463,52.1242476018846,45.3908961619333,49.1455878260331,78.1327171715871,38.6563096009312,67.090199822439,35.7590263691684,48.0605718426234,45.0904367589686
"150410","União das freguesias de Barreiro e Lavradio","PT1A","1504",68.7127907643808,45.9526486589712,49.9291057977269,52.3205156819506,60.1580546758304,42.6680317236071,43.8415896113021,43.2139975547167,42.2198832700278,42.6629907336914,43.6647781970047,73.7442071431447,33.5590378951083,47.9598739495798,50.8050732690659,61.1842202530418,58.7946509798993,40.8745497799099,38.622641509434,54.7066470622127,53.9027192435856,61.756528901347,46.4057932569137,37.203135307222,59.4598914755493,44.5514792855684,48.4698757373613,44.12592878873,47.1934814386272,75.6629663946884,52.6098870787804,64.5479046132422,45.4809387169502,41.5138236962771,40.4245757990847
"150411","União das freguesias de Palhais e Coina","PT1A","1504",47.5999373039069,59.7990882330481,61.4457285167438,23.2211209284491,62.7959372422669,54.4648169659597,54.7746712078031,51.6459790730822,51.2343190021583,60.136597684077,59.9664989444744,53.5543366068754,5.9687712452543,50.6069327731092,74.0289505559217,72.4674898436903,37.7908734055223,12.2254961269132,51.786051212938,70.9701219509068,66.0658597515421,38.6674625847577,55.1447623936401,48.3336594019894,27.7517216115844,60.9930133544718,62.6810262946888,59.4786844700059,61.7490521338895,61.2564455484447,63.4547322081682,67.8683136006397,46.2056048834628,40.9015825088073,40.3037259398211
"150601","Alhos Vedros","PT1A","1506",54.4570524977151,35.5047721872185,39.4057825412603,32.0673210957004,61.8580767730258,54.5441830466836,55.7085075445248,54.028194361585,53.0529417730746,56.6809028964123,57.5589930387088,59.1430431217755,16.4689083319423,55.1964285714286,62.060835676603,67.2979049937134,46.5788032784765,19.0341486233007,48.1762264150943,64.9438071106357,62.0702738943762,46.7690409390278,47.5803976793145,34.6770557390223,41.6886232680827,54.7292457597027,59.2539015891785,54.6539793711917,58.9550933512891,64.3235198599776,35.8634493147702,50.2677991858817,49.9766984258492,50.9135234087422,49.8921333033803
"150603","Moita","PT1A","1506",49.4406736378926,54.7422368572296,56.2525709730855,32.4250406325566,57.4827248931181,52.2562594150733,52.5809567706827,51.4773309948008,51.0997474658368,55.739953761089,55.7317798368616,53.7561220952033,19.5890534474594,43.6464285714286,64.0779961979415,70.7520989714772,43.0501177293946,20.4427614959703,41.9592044875064,66.6367150819516,64.8493054290429,38.9335121938802,46.3130657759095,40.3472460182787,34.4372481867025,60.3937519753111,62.17769097083,60.1053912811693,62.0939978670462,62.5889205934903,59.6218947687383,62.6321002751523,39.0004878728743,45.032214103168,44.0391491224362
"150607","União das freguesias de Baixa da Banheira e Vale da Amoreira","PT1A","1506",65.0882446980145,35.1622701949987,39.9579369332599,51.9518148028385,55.9246226660692,47.5545393121304,49.1927871641851,47.9682619095198,46.7693452249545,46.3647123680645,47.88479433324,70.8157955548855,25.7934929873297,46.1964285714286,56.0510571241848,64.2985707215891,55.5564359803019,43.7165490467879,31.958621925006,57.317603886549,56.2561310159681,57.84640624923,36.6640508216615,27.0727173451392,57.0607353283049,50.5133561463235,55.2249342505814,49.4762692002679,52.6733803591086,71.8808181112091,43.2518230448583,74.6824993360585,40.7601253616201,44.4964913841457,42.3561835365635
"150608","União das freguesias de Gaio-Rosário e Sarilhos Pequenos","PT1A","1506",49.7538334003458,57.8102487155206,58.522645770807,21.8967991172351,70.2730303186993,53.8791876710139,54.0208163356865,50.0665221120498,49.8884228482282,59.9848268207646,59.7511213245055,54.6334927026436,28.4640330679519,48.9392857142857,57.5799537343285,66.9907971287797,42.9764325588746,25.8865011248642,50,61.7859690792344,60.3790221054204,43.2976428271246,59.3669470563861,56.5483326202527,9.74025169071227,70.3757992571126,70.8600444820951,62.531719475259,63.4712576206368,58.0654934914464,58.2370732771553,61.2417079021876,50,43.2709013370563,43.1139313323027
"150701","Canha","PT1A","1507",1,74.2980093356913,74.2980093356913,20.4344503034238,100,77.1047376183186,77.1047376183186,51.0668850902212,51.0668850902212,82.0740838435673,81.5169161690079,1,9.43694033851373,97.7321428571429,88.2741367180427,72.9577292010859,1,22.6330760578315,99.0330188679245,84.2159071033942,59.1113016914147,15.2379033238234,100,100,12.8272378054372,72.6950591009168,72.6950591009168,57.3116196235798,57.3116196235798,1,62.4355521060103,64.7493598276901,98.1470588235294,70.8433204617431,43.4170073106925
"150704","Sarilhos Grandes","PT1A","1507",55.6671349875203,63.5757076163515,64.0829440867822,41.0603284885169,71.4753938641324,43.0950857702854,43.2082402964782,42.0553587608697,41.9285496432621,46.779913418931,46.6472197434405,59.5752816747458,8.07592908437886,54.2107142857143,69.806079045486,69.5345187387903,45.620420399853,6.47181732816407,56.5165094339623,73.8398820947779,63.7970842793402,49.6295805261718,45.3742801711849,42.8944574268571,60.1013758468473,48.6507054694124,49.6009607435069,48.2982544852653,49.1248620667079,66.9389918531635,68.8937433793643,76.5023176517802,51.3455882352941,34.7496703738039,34.0798397200995
"150709","União das freguesias de Atalaia e Alto Estanqueiro-Jardia","PT1A","1507",37.1245424433618,48.8145303666583,49.6167309142572,28.8576883629685,68.96087964222,56.1923111601657,56.3709100906441,54.0605897961978,53.8600396592981,60.1324871917529,60.0649173548809,42.4838569155067,24.7391631003519,49.3178571428571,62.6691715444481,70.8647807103211,27.1291070882993,8.65134291496929,56.5165094339623,76.0054452394903,69.2343468542564,31.0630504914251,40.0239082310382,35.1572249089381,32.5448104298816,65.6635917096847,67.1201282881863,65.4560769492184,67.0783047232517,51.7684955218859,51.510051180682,64.4186878512399,48.3780102645085,46.3030459546788,45.9811887954209
"150710","União das freguesias de Montijo e Afonsoeiro","PT1A","1507",65.4612041598141,45.175717570907,46.4177419526258,47.0573804222547,38.5254240957677,51.5363196719961,51.8634542432586,50.9450684378141,50.6345623423844,50.7012314766632,51.0002765410406,65.9560281047661,38.5049551045968,29.7870879120879,57.6552380182872,66.4379822196373,57.7457527416997,30.8531997514285,27.7202503269195,63.262546895866,61.2269323933174,59.8977765711144,38.7252444227865,33.5610377830087,54.4945421991276,49.7957397976938,52.1183157446812,48.9608122689905,50.6822144822497,74.6623792828144,48.8536995037415,42.2116489085336,29.687450500396,53.7083182480293,51.1462054511286
"150711","União das freguesias de Pegões","PT1A","1507",9.74427751137936,1.47919315757533,1.67134931387465,11.5280166492774,76.8575965069708,88.0648102679485,88.3039763109135,75.0977290436993,75.0496900046245,87.6277015101248,88.2432646354162,14.9219434562312,6.35264621436926,76.7107142857143,80.1243399526182,75.5036740109213,11.7898709759199,12.6217380418854,66.1745283018868,78.2960665902565,69.804620893436,7.73634052605709,3.62145922560576,2.87113518672271,4.61822830804297,94.9013175475971,95.2510425838211,94.6746573134314,94.9247653263924,14.0889905199488,1,55.6011204573928,56.614705882353,83.2882228305963,68.1737957850764
"150802","Palmela","PT1A","1508",40.6018887269624,60.8183914439797,61.8550665807441,24.0535888089926,49.6764999991969,58.314293477416,58.4913975932592,56.2124077552171,55.953238971026,62.9605430964422,62.6706471225426,46.3505733662131,12.65893869642,45.9533251231527,69.8013225724635,73.7592907035535,34.8890194868731,11.6816497030803,46.1367924528302,73.2135888553358,69.0975127857388,32.6146921681773,47.7533083804375,42.5089518062176,30.7260681553473,63.6764313910512,65.0657980673683,62.968643765346,64.7167626234193,50.8157081877224,65.3294128040081,33.1732931991595,35.2745698585713,55.5677575058323,53.8517539876347
"150803","Pinhal Novo","PT1A","1508",54.0848706843198,34.7405180484684,36.3292835833184,32.1842644161851,52.4961646869697,57.289657656966,57.7623576386365,56.6235455410142,56.2263541573017,58.6027099781989,59.0420023994615,57.0615153980703,29.0042395046931,38.5184065934066,60.0151385008093,68.8539596259575,49.099355380543,12.8869090812387,40.1509433962264,70.408142894395,65.9542640473306,46.5492027801784,36.2641563772083,30.486827159572,38.8959463686373,59.6520069137867,61.9098829848167,59.4302314913253,61.3560078972041,62.625667891988,36.3539870063257,37.3032875961491,37.9751659418631,57.5991399786504,56.4354728909185
"150804","Quinta do Anjo","PT1A","1508",35.6762702116191,45.819843667477,47.0725039354939,22.4708777991091,59.3411156640746,61.2482599409476,61.5097895888815,59.1729731644301,58.8598080974258,65.440278806124,65.3820672753637,42.2235346683456,28.0802485150921,48.018984962406,61.5032917269812,70.4193079635391,27.0574498321257,9.61097404906776,51.9316037735849,75.9289320797248,70.4666574484072,26.1839700761342,40.6991377995747,34.6336249228611,25.7277540040601,69.8254058636891,71.4168021699122,69.1297127067437,71.1515503323149,51.0238199940006,48.7313252585414,26.5658690925787,42.240519558077,59.0942405224358,57.8596165242006
"150806","União das freguesias de Poceirão e Marateca","PT1A","1508",6.07133278008421,26.6384959722896,27.4833690024219,3.52802565819164,58.028348037839,85.7676982269804,85.8819318917484,76.4334493878989,76.2222311303658,89.7582340810811,89.5977517523597,13.9586347783495,4.08595592054759,52.4487012987013,85.0387376523798,82.3766770006004,2.91626609981412,2.27961342552109,59.9378216123499,91.7843227192973,78.2887662874383,8.96718608778906,33.5112492651377,30.0933538250571,5.87682286906403,87.6758239676888,88.1310635013242,83.8815805926697,85.0208790726966,9.69767828599757,25.50406503556,1,44.9745008094981,88.2931688230122,79.7059389672361
"151002","Amora","PT1A","1510",61.0420106099148,30.5861196175329,35.9867462942125,47.8682706355086,31.4532566245884,57.3228480561686,59.0128063211976,57.2625856281138,55.9124289589439,55.0184326557686,56.4961608427084,61.303220246739,36.7139893626422,39.6722527472528,55.2802620883562,65.5776344108415,51.9735496373781,21.5133920676758,16.2241840897501,73.6128889553608,70.096291401732,53.1137290098362,31.3625029594591,18.270074652357,60.0412668741488,53.540367818061,61.0725599709562,51.8275003855186,56.1916431545527,76.375721409731,39.2335554441457,52.6592258944357,22.5965642894326,56.4424220901734,52.2837332405637
"151005","Corroios","PT1A","1510",65.4892152532162,42.9638367335921,45.7230965678619,45.3347863282589,44.7333183781617,50.3469412316615,51.1119339842241,50.3697108266928,49.6798958681253,50.0930059699471,50.732185405203,64.183192111306,32.3302340205418,46.6363445378151,54.0497972812834,64.2125573325843,57.3023614486265,22.7709345362191,22.9104173329069,68.8801738495637,65.6720955607491,60.4595075755953,35.3329633006173,27.6782424700625,56.7043946326874,50.491291720621,54.3215063460246,49.1677114970334,51.7192851072183,77.1813097974513,51.5793535003088,47.1205826760555,30.6381236038719,50.9833103121836,48.3701576055781
"151006","Fernão Ferro","PT1A","1510",45.6058898895543,44.5259527892201,46.3530075286646,25.1379564206449,46.9212434384066,60.2247136080125,60.6238514930795,59.4522393655435,58.9954756806824,63.341072119433,63.4234569804808,51.9536003248267,5.28411112717912,42.5379120879121,76.6217618176905,75.0560941150205,33.0881358165364,17.7302811157894,42.8327493261455,70.6390455921164,68.7829445805096,37.538091853177,39.7121190644395,31.9886603931515,35.8978379370785,62.3153850735266,64.9350554453126,62.2839837151017,64.8584699388643,61.2658773227037,48.410747616171,32.4300083879928,29.8120516499283,58.8078010905239,57.020328755801
"151008","Arrentela","PT1A","1510",62.187787325797,47.1815459741529,50.1832101382462,52.0675345217601,45.4380653022197,47.8668058897,48.6635541034491,48.2812667190176,47.5308506779942,47.1606580136601,47.7932310747435,61.3722410628032,29.6069545367851,39.5535714285714,58.3799922065886,67.3668082429601,54.2822999455948,27.0614393551773,33.0211022840119,63.4899068728207,61.8783861384053,52.7326878542558,40.046956616132,31.8165871339407,64.0703728771312,48.6438615097426,52.4072186255783,47.7166608841603,50.4601173782241,78.6721472578958,56.002170493534,68.2540453726435,29.9528703047484,45.141920797054,41.7796916427946
"151009","Paio Pires","PT1A","1510",56.3512296379454,45.86439459052,49.1648994785495,43.6539248740736,58.3894030765262,48.4433325428462,49.3299852393109,48.9352619552337,48.1101357332263,49.6421165427178,50.285477528519,56.3581453130201,8.45814225709073,44.7178571428571,71.8372190345199,72.616463821758,47.3846818904314,21.8318662370452,45.4762264150943,63.8327821330303,61.7690751524764,48.516151880298,40.046956616132,30.9971851489544,59.2378121974761,51.3446920500994,55.3007277998158,50.7330264353646,53.7496169244238,72.618333475967,54.3992740847522,73.1718166846068,40.3644723398044,41.5243612062662,39.8615258537174
"151010","Seixal","PT1A","1510",58.603999363162,45.2324704129403,48.4083822940904,57.4410135631444,69.2996723768756,42.0224443403416,42.9939375827537,42.3557110709694,41.5617331006819,41.7332439203369,42.6533472095487,60.7078251744084,42.119076898783,49.2928571428571,49.8508209100627,61.9700601959879,51.0954028942295,34.8345861127901,48.3655660377358,55.8308444208267,55.2348149850815,53.5516659209166,39.9945313301107,31.2863858495378,64.0278456545859,48.4130757797723,52.4366163120533,47.4753190314623,50.3780341916532,67.2829678849821,53.2385559956343,79.9439239532766,49.5882352941176,38.5958355051696,37.4865792179974
"151101","Sesimbra (Castelo)","PT1A","1511",41.816989495204,53.5438741033658,53.6884997789048,23.672978150644,55.2860216930621,58.5347616018966,58.5628646940526,56.420034139431,56.3838777205463,62.9702361165686,62.6969027213822,44.9626635559335,25.0700026311126,54.1785714285714,60.5636228484709,68.9471905960956,36.2767824080864,20.374457047809,51.7587601078167,66.2296258794123,63.8633334787626,39.7158343203125,40.9945628678652,40.1364505263335,22.6713348584434,66.6658433596961,66.9013147273989,65.5394226511263,65.8254600983036,47.9210464256072,56.2615950987102,19.7316950900673,40.1454545454546,61.6831274883623,58.9850522100402
"151102","Sesimbra (Santiago)","PT1A","1511",52.7516477007388,48.4769929556083,49.1043812227768,35.7005616219819,70.2693900132272,49.481784767027,49.6438205627497,48.200351927111,48.0435048603188,52.48754452414,52.5633671821386,53.1914467532562,5.95049148482025,60.5428571428571,72.4871056244997,70.0788011547666,47.5407222210911,23.5326322188206,47.6311320754717,62.3109332551805,60.4318378282055,51.4411512249225,43.2298397290046,40.8379219604244,45.4409168158684,53.4194502244469,54.2931008329137,53.2960307434015,54.0933366662616,57.2248213766185,51.1931070872292,71.9853056532591,49.5334440227704,43.1392696398846,42.5158304650307
"151103","Quinta do Conde","PT1A","1511",51.7435933718127,32.3994950385451,33.8054587760422,34.6891718730918,57.7040095880247,56.7151346708252,57.1692943237082,55.8659325321314,55.5144415977572,57.6114326238104,58.1276835458949,55.3660787885691,19.6186684699709,40.5222906403941,64.5928585606113,71.1232405252665,42.1801942377203,23.27383673959,42.6918701442841,65.2226735129414,63.9513662928019,44.664968310757,30.0568403175853,25.07738541395,42.4099951685688,61.5139774626875,63.7483384983352,60.9560654010296,62.6158837022414,64.2938977863131,35.2803250547793,46.0165442061189,41.4934831075287,54.3577814067039,53.228937461315
"151205","Setúbal (São Sebastião)","PT1A","1512",67.4441256559378,47.0787630669218,48.2716881380782,48.5195847273494,16.3710313369823,59.730039330722,59.9821383496429,55.1466238032022,54.8483925354131,56.9970555042025,57.0843476544499,68.3504904523131,34.4868014663219,19.7961878009631,63.8721294300888,69.3416300701005,61.8732522877758,38.1471263831987,8.10908666804893,72.8023088516966,63.9568448869922,63.0252526575386,43.8256510837988,39.1795218592949,52.0454846682226,47.6039936080392,49.5164883218396,47.0345371968133,48.5832469383146,72.6444866912119,49.8075918477384,58.254738512556,12.150852483321,59.677512151482,51.7855826162932
"151207","Gâmbia-Pontes-Alto da Guerra","PT1A","1512",32.0952736027321,62.7191052437162,63.1550683936397,24.2216479817028,68.8482517470411,57.0224038152104,57.0973069519907,53.028930356202,52.9199395687211,62.6717147441771,62.3016240990588,40.2284093131498,6.71455859100134,57.1678571428572,74.5517519948614,73.9722937382479,26.4038185854934,17.7465686229341,51.3469125214408,71.0400341641985,68.1675667567106,28.0590388150785,54.345801003814,51.4186198543271,28.5189206791024,64.7905329982926,65.4404900676414,63.025413167335,64.001140217164,37.8071487780582,64.6966901868592,57.4351100655663,49.0882352941177,48.7343680586283,47.7432039188496
"151208","Sado","PT1A","1512",38.6326241400338,61.3156177423419,62.8049911252946,29.4849923453903,69.8237885514651,52.6614986735941,52.9460884649182,50.1857443051922,49.813400959454,57.7058573045786,57.5347363079272,43.6756694979128,18.5746926551207,49.9839285714286,65.5404592887111,71.9414273188845,31.6225492173063,8.69196116389878,50.0530660377358,75.7273686067605,69.8774745270197,38.9578462299952,48.2456723030988,42.4824448647166,30.9724968838341,61.2275603124585,62.8438811120335,60.607994861024,62.529070673818,43.0506239540131,67.8786931390901,74.4283527308521,51.2798861480076,42.1865636862295,40.8406110070093
"151209","União das freguesias de Azeitão (São Lourenço e São Simão)","PT1A","1512",48.7986868466293,60.6060737699805,60.9395051943873,27.9286556820635,55.0602856507635,53.70749751618,53.7712724006902,51.9015745126408,51.8182166565391,58.12692700782,57.8357105929932,53.9101631759422,31.7612837232113,47.1202380952381,56.7635292631347,66.8020787514021,41.0546560107159,26.5374479651795,49.1297169811321,62.2791981426365,61.0927263476575,39.2145602029463,47.0756345299304,45.5418499776591,25.1191330574899,64.0379796240509,64.4353089919356,62.8635574032111,63.3748189206349,60.8267962846773,64.7905803789587,30.8331321261115,41.0568114569772,52.6925576814208,50.6231699383188
"151210","União das freguesias de Setúbal (São Julião, Nossa Senhora da Anunciada e Santa Maria da Graça)","PT1A","1512",68.0289619703653,61.419280328285,61.9344619112304,54.9713359608378,18.4102458232103,54.3899956278773,54.4856772378589,49.2925439793254,49.163748583589,51.8911301553589,51.706677315901,71.0464925132169,44.3456269313108,16.2178571428571,62.6843864371316,67.0975058531538,64.2618441478229,37.0310901438182,8.25743831640058,72.5709085151186,63.4832091306528,64.0729575148393,43.9008070829096,41.894310391438,60.1140418049639,44.6883093192145,45.5399298990501,43.9707311990957,44.6395634295862,68.1019517782448,68.1642699428321,61.8073210423556,14.6659860512068,54.4322741971516,46.8151177963402
